{
  "ads_cc": {
    "TFA": -11.31,
    "PFMS": -13.25,
    "PFPrA": -11.3,
    "PFPrS": -12.87,
    "PFBA": -12.63,
    "PFBS": -14.18,
    "PFOA": -13.41,
    "PFOS": -18.26
  },
  "ads_ohcc": {
    "TFA": -6.4,
    "PFMS": -8.36,
    "PFPrA": -6.11,
    "PFPrS": -8.09,
    "PFBA": -7.79,
    "PFBS": -9.38,
    "PFOA": -8.54,
    "PFOS": -13.51
  },
  "ads_anion": {
    "PFOA_anion": -17.24,
    "PFOS_anion": -24.19
  },
  "ct_cc": {
    "TFA": 0.003,
    "PFMS": 0.001,
    "PFPrA": 0.0,
    "PFPrS": 0.001,
    "PFBA": -0.001,
    "PFBS": -0.0,
    "PFOA": 0.161,
    "PFOS": 0.173
  },
  "ct_ohcc": {
    "TFA": 0.004,
    "PFMS": 0.001,
    "PFPrA": 0.0,
    "PFPrS": 0.001,
    "PFBA": -0.001,
    "PFBS": 0.002,
    "PFOA": 0.161,
    "PFOS": 0.171
  },
  "benchmark_gcp": {},
  "energies": {
    "TFA": -27.12717995798,
    "PFMS": -32.295552304722,
    "PFPrA": -38.726725609579,
    "PFPrS": -43.894660549178,
    "PFBA": -50.323943967062,
    "PFBS": -55.492806824704,
    "PFOA": -85.109449582807,
    "PFOS": -90.277601865672,
    "circumcoronene": -125.177004083816,
    "oh_circumcoronene": -129.26530268594,
    "PFOA_anion": -84.954537787823,
    "PFOS_anion": -90.139594006641
  }
}